<?xml version="1.0" encoding="UTF-8"?>
<GenRun Id="synth_1" LaunchPart="xc7a35tcpg236-1" LaunchTime="1679404364">
  <File Type="PA-TCL" Name="seqdect_vhdl.tcl"/>
  <File Type="RDS-PROPCONSTRS" Name="seqdect_vhdl_drc_synth.rpt"/>
  <File Type="REPORTS-TCL" Name="seqdect_vhdl_reports.tcl"/>
  <File Type="RDS-RDS" Name="seqdect_vhdl.vds"/>
  <File Type="RDS-UTIL" Name="seqdect_vhdl_utilization_synth.rpt"/>
  <File Type="RDS-UTIL-PB" Name="seqdect_vhdl_utilization_synth.pb"/>
  <File Type="RDS-DCP" Name="seqdect_vhdl.dcp"/>
  <File Type="VDS-TIMINGSUMMARY" Name="seqdect_vhdl_timing_summary_synth.rpt"/>
  <File Type="VDS-TIMING-PB" Name="seqdect_vhdl_timing_summary_synth.pb"/>
  <FileSet Name="sources" Type="DesignSrcs" RelSrcDir="$PSRCDIR/sources_1">
    <Filter Type="Srcs"/>
    <File Path="$PSRCDIR/sources_1/imports/Downloads/l5_next_state_logic.vhd">
      <FileInfo>
        <Attr Name="ImportPath" Val="//drive.fit.cvut.cz/home/HEINKHAN/Downloads/l5_next_state_logic.vhd"/>
        <Attr Name="ImportTime" Val="1679402294"/>
        <Attr Name="UsedIn" Val="synthesis"/>
        <Attr Name="UsedIn" Val="simulation"/>
      </FileInfo>
    </File>
    <File Path="$PSRCDIR/sources_1/imports/Downloads/l5_output_logic.vhd">
      <FileInfo>
        <Attr Name="ImportPath" Val="//drive.fit.cvut.cz/home/HEINKHAN/Downloads/l5_output_logic.vhd"/>
        <Attr Name="ImportTime" Val="1679402296"/>
        <Attr Name="UsedIn" Val="synthesis"/>
        <Attr Name="UsedIn" Val="simulation"/>
      </FileInfo>
    </File>
    <File Path="$PSRCDIR/sources_1/imports/tmp/seqdect.vhd">
      <FileInfo>
        <Attr Name="ImportPath" Val="$PPRDIR/tmp/seqdect.vhd"/>
        <Attr Name="ImportTime" Val="1679404087"/>
        <Attr Name="UsedIn" Val="synthesis"/>
        <Attr Name="UsedIn" Val="simulation"/>
      </FileInfo>
    </File>
    <File Path="$PSRCDIR/sources_1/bd/seqdect/seqdect.bd">
      <FileInfo>
        <Attr Name="AutoDisabled" Val="1"/>
        <Attr Name="UsedIn" Val="synthesis"/>
        <Attr Name="UsedIn" Val="implementation"/>
        <Attr Name="UsedIn" Val="simulation"/>
      </FileInfo>
    </File>
    <Config>
      <Option Name="DesignMode" Val="RTL"/>
      <Option Name="TopModule" Val="seqdect_vhdl"/>
    </Config>
  </FileSet>
  <FileSet Name="constrs_in" Type="Constrs" RelSrcDir="$PSRCDIR/constrs_1">
    <Filter Type="Constrs"/>
    <File Path="$PSRCDIR/constrs_1/new/seq.xdc">
      <FileInfo>
        <Attr Name="UsedIn" Val="synthesis"/>
        <Attr Name="UsedIn" Val="implementation"/>
      </FileInfo>
    </File>
    <Config>
      <Option Name="TargetConstrsFile" Val="$PSRCDIR/constrs_1/new/seq.xdc"/>
      <Option Name="ConstrsType" Val="XDC"/>
    </Config>
  </FileSet>
  <FileSet Name="utils" Type="Utils" RelSrcDir="$PSRCDIR/utils_1">
    <Filter Type="Utils"/>
    <Config>
      <Option Name="TopAutoSet" Val="TRUE"/>
    </Config>
  </FileSet>
  <Strategy Version="1" Minor="2">
    <StratHandle Name="Vivado Synthesis Defaults" Flow="Vivado Synthesis 2018">
      <Desc>Vivado Synthesis Defaults</Desc>
    </StratHandle>
    <Step Id="synth_design"/>
  </Strategy>
</GenRun>
