<?xml version="1.0" encoding="UTF-8"?>
<GenRun Id="impl_1" LaunchPart="xc7a35tcpg236-1" LaunchTime="1678792004">
  <File Type="ROUTE-PWR" Name="adderwithdecoder_vhdl_power_routed.rpt"/>
  <File Type="PA-TCL" Name="adderwithdecoder_vhdl.tcl"/>
  <File Type="BITSTR-BMM" Name="adderwithdecoder_vhdl_bd.bmm"/>
  <File Type="ROUTE-PWR-SUM" Name="adderwithdecoder_vhdl_power_summary_routed.pb"/>
  <File Type="REPORTS-TCL" Name="adderwithdecoder_vhdl_reports.tcl"/>
  <File Type="OPT-DCP" Name="adderwithdecoder_vhdl_opt.dcp"/>
  <File Type="OPT-DRC" Name="adderwithdecoder_vhdl_drc_opted.rpt"/>
  <File Type="OPT-HWDEF" Name="adderwithdecoder_vhdl.hwdef"/>
  <File Type="PWROPT-DCP" Name="adderwithdecoder_vhdl_pwropt.dcp"/>
  <File Type="PLACE-DCP" Name="adderwithdecoder_vhdl_placed.dcp"/>
  <File Type="PLACE-IO" Name="adderwithdecoder_vhdl_io_placed.rpt"/>
  <File Type="PLACE-UTIL" Name="adderwithdecoder_vhdl_utilization_placed.rpt"/>
  <File Type="PLACE-UTIL-PB" Name="adderwithdecoder_vhdl_utilization_placed.pb"/>
  <File Type="PLACE-CTRL" Name="adderwithdecoder_vhdl_control_sets_placed.rpt"/>
  <File Type="PLACE-PRE-SIMILARITY" Name="adderwithdecoder_vhdl_incremental_reuse_pre_placed.rpt"/>
  <File Type="BG-BGN" Name="adderwithdecoder_vhdl.bgn"/>
  <File Type="POSTPLACE-PWROPT-DCP" Name="adderwithdecoder_vhdl_postplace_pwropt.dcp"/>
  <File Type="BG-BIN" Name="adderwithdecoder_vhdl.bin"/>
  <File Type="PHYSOPT-DCP" Name="adderwithdecoder_vhdl_physopt.dcp"/>
  <File Type="BITSTR-MSK" Name="adderwithdecoder_vhdl.msk"/>
  <File Type="ROUTE-ERROR-DCP" Name="adderwithdecoder_vhdl_routed_error.dcp"/>
  <File Type="ROUTE-DCP" Name="adderwithdecoder_vhdl_routed.dcp"/>
  <File Type="ROUTE-BLACKBOX-DCP" Name="adderwithdecoder_vhdl_routed_bb.dcp"/>
  <File Type="ROUTE-DRC" Name="adderwithdecoder_vhdl_drc_routed.rpt"/>
  <File Type="ROUTE-DRC-PB" Name="adderwithdecoder_vhdl_drc_routed.pb"/>
  <File Type="ROUTE-DRC-RPX" Name="adderwithdecoder_vhdl_drc_routed.rpx"/>
  <File Type="BITSTR-LTX" Name="adderwithdecoder_vhdl.ltx"/>
  <File Type="ROUTE-METHODOLOGY-DRC" Name="adderwithdecoder_vhdl_methodology_drc_routed.rpt"/>
  <File Type="BITSTR-MMI" Name="adderwithdecoder_vhdl.mmi"/>
  <File Type="ROUTE-METHODOLOGY-DRC-RPX" Name="adderwithdecoder_vhdl_methodology_drc_routed.rpx"/>
  <File Type="ROUTE-METHODOLOGY-DRC-PB" Name="adderwithdecoder_vhdl_methodology_drc_routed.pb"/>
  <File Type="BITSTR-SYSDEF" Name="adderwithdecoder_vhdl.sysdef"/>
  <File Type="ROUTE-PWR-RPX" Name="adderwithdecoder_vhdl_power_routed.rpx"/>
  <File Type="ROUTE-STATUS" Name="adderwithdecoder_vhdl_route_status.rpt"/>
  <File Type="ROUTE-STATUS-PB" Name="adderwithdecoder_vhdl_route_status.pb"/>
  <File Type="ROUTE-TIMINGSUMMARY" Name="adderwithdecoder_vhdl_timing_summary_routed.rpt"/>
  <File Type="ROUTE-TIMING-PB" Name="adderwithdecoder_vhdl_timing_summary_routed.pb"/>
  <File Type="ROUTE-TIMING-RPX" Name="adderwithdecoder_vhdl_timing_summary_routed.rpx"/>
  <File Type="ROUTE-CLK" Name="adderwithdecoder_vhdl_clock_utilization_routed.rpt"/>
  <File Type="ROUTE-BUS-SKEW" Name="adderwithdecoder_vhdl_bus_skew_routed.rpt"/>
  <File Type="ROUTE-BUS-SKEW-PB" Name="adderwithdecoder_vhdl_bus_skew_routed.pb"/>
  <File Type="ROUTE-BUS-SKEW-RPX" Name="adderwithdecoder_vhdl_bus_skew_routed.rpx"/>
  <File Type="POSTROUTE-PHYSOPT-DCP" Name="adderwithdecoder_vhdl_postroute_physopt.dcp"/>
  <File Type="POSTROUTE-PHYSOPT-BLACKBOX-DCP" Name="adderwithdecoder_vhdl_postroute_physopt_bb.dcp"/>
  <File Type="BG-BIT" Name="adderwithdecoder_vhdl.bit"/>
  <File Type="BITSTR-RBT" Name="adderwithdecoder_vhdl.rbt"/>
  <File Type="BITSTR-NKY" Name="adderwithdecoder_vhdl.nky"/>
  <File Type="BG-DRC" Name="adderwithdecoder_vhdl.drc"/>
  <File Type="RDI-RDI" Name="adderwithdecoder_vhdl.vdi"/>
  <File Type="WBT-USG" Name="usage_statistics_webtalk.html"/>
  <FileSet Name="sources" Type="DesignSrcs" RelSrcDir="$PSRCDIR/sources_1">
    <Filter Type="Srcs"/>
    <File Path="$PSRCDIR/sources_1/imports/BIE-SAP/adder/tmp/adder.vhd">
      <FileInfo>
        <Attr Name="ImportPath" Val="$PPRDIR/../adder/tmp/adder.vhd"/>
        <Attr Name="ImportTime" Val="1677241795"/>
        <Attr Name="UsedIn" Val="synthesis"/>
        <Attr Name="UsedIn" Val="simulation"/>
      </FileInfo>
    </File>
    <File Path="$PSRCDIR/sources_1/imports/BIE-SAP/adder/tmp/adder4.vhd">
      <FileInfo>
        <Attr Name="ImportPath" Val="$PPRDIR/../adder/tmp/adder4.vhd"/>
        <Attr Name="ImportTime" Val="1677242095"/>
        <Attr Name="UsedIn" Val="synthesis"/>
        <Attr Name="UsedIn" Val="simulation"/>
      </FileInfo>
    </File>
    <File Path="$PSRCDIR/sources_1/imports/BIE-SAP/sevensegmentdecoder/sevensegmentdecoder.srcs/sources_1/imports/Downloads/decoder_algebra.vhd">
      <FileInfo>
        <Attr Name="ImportPath" Val="$PPRDIR/../sevensegmentdecoder/sevensegmentdecoder.srcs/sources_1/imports/Downloads/decoder_algebra.vhd"/>
        <Attr Name="ImportTime" Val="1678191684"/>
        <Attr Name="UsedIn" Val="synthesis"/>
        <Attr Name="UsedIn" Val="simulation"/>
      </FileInfo>
    </File>
    <File Path="$PSRCDIR/sources_1/imports/tmp/adderwithdecoder.vhd">
      <FileInfo>
        <Attr Name="ImportPath" Val="$PPRDIR/tmp/adderwithdecoder.vhd"/>
        <Attr Name="ImportTime" Val="1678791536"/>
        <Attr Name="UsedIn" Val="synthesis"/>
        <Attr Name="UsedIn" Val="simulation"/>
      </FileInfo>
    </File>
    <File Path="$PSRCDIR/sources_1/bd/adderwithdecoder/adderwithdecoder.bd">
      <FileInfo>
        <Attr Name="AutoDisabled" Val="1"/>
        <Attr Name="UsedIn" Val="synthesis"/>
        <Attr Name="UsedIn" Val="implementation"/>
        <Attr Name="UsedIn" Val="simulation"/>
      </FileInfo>
    </File>
    <Config>
      <Option Name="DesignMode" Val="RTL"/>
      <Option Name="TopModule" Val="adderwithdecoder_vhdl"/>
    </Config>
  </FileSet>
  <FileSet Name="constrs_in" Type="Constrs" RelSrcDir="$PSRCDIR/constrs_1">
    <Filter Type="Constrs"/>
    <File Path="$PSRCDIR/constrs_1/new/adderwithdecoder.xdc">
      <FileInfo>
        <Attr Name="UsedIn" Val="synthesis"/>
        <Attr Name="UsedIn" Val="implementation"/>
      </FileInfo>
    </File>
    <Config>
      <Option Name="TargetConstrsFile" Val="$PSRCDIR/constrs_1/new/adderwithdecoder.xdc"/>
      <Option Name="ConstrsType" Val="XDC"/>
    </Config>
  </FileSet>
  <FileSet Name="utils" Type="Utils" RelSrcDir="$PSRCDIR/utils_1">
    <Filter Type="Utils"/>
    <Config>
      <Option Name="TopAutoSet" Val="TRUE"/>
    </Config>
  </FileSet>
  <Strategy Version="1" Minor="2">
    <StratHandle Name="Vivado Implementation Defaults" Flow="Vivado Implementation 2018"/>
    <Step Id="init_design"/>
    <Step Id="opt_design"/>
    <Step Id="power_opt_design"/>
    <Step Id="place_design"/>
    <Step Id="post_place_power_opt_design"/>
    <Step Id="phys_opt_design"/>
    <Step Id="route_design"/>
    <Step Id="post_route_phys_opt_design"/>
    <Step Id="write_bitstream"/>
  </Strategy>
</GenRun>
