<?xml version="1.0" encoding="UTF-8"?>
<GenRun Id="synth_1" LaunchPart="xc7a35tcpg236-1" LaunchTime="1678792004">
  <File Type="PA-TCL" Name="adderwithdecoder_vhdl.tcl"/>
  <File Type="REPORTS-TCL" Name="adderwithdecoder_vhdl_reports.tcl"/>
  <File Type="RDS-RDS" Name="adderwithdecoder_vhdl.vds"/>
  <File Type="RDS-UTIL" Name="adderwithdecoder_vhdl_utilization_synth.rpt"/>
  <File Type="RDS-UTIL-PB" Name="adderwithdecoder_vhdl_utilization_synth.pb"/>
  <File Type="RDS-DCP" Name="adderwithdecoder_vhdl.dcp"/>
  <FileSet Name="sources" Type="DesignSrcs" RelSrcDir="$PSRCDIR/sources_1">
    <Filter Type="Srcs"/>
    <File Path="$PSRCDIR/sources_1/imports/BIE-SAP/adder/tmp/adder.vhd">
      <FileInfo>
        <Attr Name="ImportPath" Val="$PPRDIR/../adder/tmp/adder.vhd"/>
        <Attr Name="ImportTime" Val="1677241795"/>
        <Attr Name="UsedIn" Val="synthesis"/>
        <Attr Name="UsedIn" Val="simulation"/>
      </FileInfo>
    </File>
    <File Path="$PSRCDIR/sources_1/imports/BIE-SAP/adder/tmp/adder4.vhd">
      <FileInfo>
        <Attr Name="ImportPath" Val="$PPRDIR/../adder/tmp/adder4.vhd"/>
        <Attr Name="ImportTime" Val="1677242095"/>
        <Attr Name="UsedIn" Val="synthesis"/>
        <Attr Name="UsedIn" Val="simulation"/>
      </FileInfo>
    </File>
    <File Path="$PSRCDIR/sources_1/imports/BIE-SAP/sevensegmentdecoder/sevensegmentdecoder.srcs/sources_1/imports/Downloads/decoder_algebra.vhd">
      <FileInfo>
        <Attr Name="ImportPath" Val="$PPRDIR/../sevensegmentdecoder/sevensegmentdecoder.srcs/sources_1/imports/Downloads/decoder_algebra.vhd"/>
        <Attr Name="ImportTime" Val="1678191684"/>
        <Attr Name="UsedIn" Val="synthesis"/>
        <Attr Name="UsedIn" Val="simulation"/>
      </FileInfo>
    </File>
    <File Path="$PSRCDIR/sources_1/imports/tmp/adderwithdecoder.vhd">
      <FileInfo>
        <Attr Name="ImportPath" Val="$PPRDIR/tmp/adderwithdecoder.vhd"/>
        <Attr Name="ImportTime" Val="1678791536"/>
        <Attr Name="UsedIn" Val="synthesis"/>
        <Attr Name="UsedIn" Val="simulation"/>
      </FileInfo>
    </File>
    <File Path="$PSRCDIR/sources_1/bd/adderwithdecoder/adderwithdecoder.bd">
      <FileInfo>
        <Attr Name="AutoDisabled" Val="1"/>
        <Attr Name="UsedIn" Val="synthesis"/>
        <Attr Name="UsedIn" Val="implementation"/>
        <Attr Name="UsedIn" Val="simulation"/>
      </FileInfo>
    </File>
    <Config>
      <Option Name="DesignMode" Val="RTL"/>
      <Option Name="TopModule" Val="adderwithdecoder_vhdl"/>
    </Config>
  </FileSet>
  <FileSet Name="constrs_in" Type="Constrs" RelSrcDir="$PSRCDIR/constrs_1">
    <Filter Type="Constrs"/>
    <File Path="$PSRCDIR/constrs_1/new/adderwithdecoder.xdc">
      <FileInfo>
        <Attr Name="UsedIn" Val="synthesis"/>
        <Attr Name="UsedIn" Val="implementation"/>
      </FileInfo>
    </File>
    <Config>
      <Option Name="TargetConstrsFile" Val="$PSRCDIR/constrs_1/new/adderwithdecoder.xdc"/>
      <Option Name="ConstrsType" Val="XDC"/>
    </Config>
  </FileSet>
  <FileSet Name="utils" Type="Utils" RelSrcDir="$PSRCDIR/utils_1">
    <Filter Type="Utils"/>
    <Config>
      <Option Name="TopAutoSet" Val="TRUE"/>
    </Config>
  </FileSet>
  <Strategy Version="1" Minor="2">
    <StratHandle Name="Vivado Synthesis Defaults" Flow="Vivado Synthesis 2018"/>
    <Step Id="synth_design"/>
  </Strategy>
</GenRun>
