<?xml version="1.0" encoding="UTF-8"?>
<GenRun Id="synth_1" LaunchPart="xc7a35tcpg236-1" LaunchTime="1679065693">
  <File Type="PA-TCL" Name="decodercounter_vhdl.tcl"/>
  <File Type="RDS-PROPCONSTRS" Name="decodercounter_vhdl_drc_synth.rpt"/>
  <File Type="REPORTS-TCL" Name="decodercounter_vhdl_reports.tcl"/>
  <File Type="RDS-RDS" Name="decodercounter_vhdl.vds"/>
  <File Type="RDS-UTIL" Name="decodercounter_vhdl_utilization_synth.rpt"/>
  <File Type="RDS-UTIL-PB" Name="decodercounter_vhdl_utilization_synth.pb"/>
  <File Type="RDS-DCP" Name="decodercounter_vhdl.dcp"/>
  <File Type="VDS-TIMINGSUMMARY" Name="decodercounter_vhdl_timing_summary_synth.rpt"/>
  <File Type="VDS-TIMING-PB" Name="decodercounter_vhdl_timing_summary_synth.pb"/>
  <FileSet Name="sources" Type="DesignSrcs" RelSrcDir="$PSRCDIR/sources_1">
    <Filter Type="Srcs"/>
    <File Path="$PSRCDIR/sources_1/imports/tmp/counter.vhd">
      <FileInfo>
        <Attr Name="ImportPath" Val="$PPRDIR/tmp/counter.vhd"/>
        <Attr Name="ImportTime" Val="1679065130"/>
        <Attr Name="UsedIn" Val="synthesis"/>
        <Attr Name="UsedIn" Val="simulation"/>
      </FileInfo>
    </File>
    <File Path="$PSRCDIR/sources_1/imports/Downloads/decoder_algebra.vhd">
      <FileInfo>
        <Attr Name="ImportPath" Val="$PPRDIR/../sevensegmentdecoder/sevensegmentdecoder.srcs/sources_1/imports/Downloads/decoder_algebra.vhd"/>
        <Attr Name="ImportTime" Val="1678191684"/>
        <Attr Name="UsedIn" Val="synthesis"/>
        <Attr Name="UsedIn" Val="simulation"/>
      </FileInfo>
    </File>
    <File Path="$PSRCDIR/sources_1/imports/Downloads/l4_next_state_logic.vhd">
      <FileInfo>
        <Attr Name="ImportPath" Val="//drive.fit.cvut.cz/home/HEINKHAN/Downloads/l4_next_state_logic.vhd"/>
        <Attr Name="ImportTime" Val="1678797066"/>
        <Attr Name="UsedIn" Val="synthesis"/>
        <Attr Name="UsedIn" Val="simulation"/>
      </FileInfo>
    </File>
    <File Path="$PSRCDIR/sources_1/imports/Downloads/l4_output_logic.vhd">
      <FileInfo>
        <Attr Name="ImportPath" Val="//drive.fit.cvut.cz/home/HEINKHAN/Downloads/l4_output_logic.vhd"/>
        <Attr Name="ImportTime" Val="1678797068"/>
        <Attr Name="UsedIn" Val="synthesis"/>
        <Attr Name="UsedIn" Val="simulation"/>
      </FileInfo>
    </File>
    <File Path="$PSRCDIR/sources_1/imports/tmp/decodercounter.vhd">
      <FileInfo>
        <Attr Name="ImportPath" Val="$PPRDIR/tmp/decodercounter.vhd"/>
        <Attr Name="ImportTime" Val="1679065471"/>
        <Attr Name="UsedIn" Val="synthesis"/>
        <Attr Name="UsedIn" Val="simulation"/>
      </FileInfo>
    </File>
    <File Path="$PSRCDIR/sources_1/bd/counter/counter.bd">
      <FileInfo>
        <Attr Name="AutoDisabled" Val="1"/>
        <Attr Name="UsedIn" Val="synthesis"/>
        <Attr Name="UsedIn" Val="implementation"/>
        <Attr Name="UsedIn" Val="simulation"/>
      </FileInfo>
    </File>
    <File Path="$PSRCDIR/sources_1/bd/decodercounter/decodercounter.bd">
      <FileInfo>
        <Attr Name="AutoDisabled" Val="1"/>
        <Attr Name="UsedIn" Val="synthesis"/>
        <Attr Name="UsedIn" Val="implementation"/>
        <Attr Name="UsedIn" Val="simulation"/>
      </FileInfo>
    </File>
    <Config>
      <Option Name="DesignMode" Val="RTL"/>
      <Option Name="TopModule" Val="decodercounter_vhdl"/>
    </Config>
  </FileSet>
  <FileSet Name="constrs_in" Type="Constrs" RelSrcDir="$PSRCDIR/constrs_1">
    <Filter Type="Constrs"/>
    <File Path="$PSRCDIR/constrs_1/new/counter.xdc">
      <FileInfo>
        <Attr Name="UsedIn" Val="synthesis"/>
        <Attr Name="UsedIn" Val="implementation"/>
      </FileInfo>
    </File>
    <Config>
      <Option Name="TargetConstrsFile" Val="$PSRCDIR/constrs_1/new/counter.xdc"/>
      <Option Name="ConstrsType" Val="XDC"/>
    </Config>
  </FileSet>
  <FileSet Name="utils" Type="Utils" RelSrcDir="$PSRCDIR/utils_1">
    <Filter Type="Utils"/>
    <Config>
      <Option Name="TopAutoSet" Val="TRUE"/>
    </Config>
  </FileSet>
  <Strategy Version="1" Minor="2">
    <StratHandle Name="Vivado Synthesis Defaults" Flow="Vivado Synthesis 2018"/>
    <Step Id="synth_design"/>
  </Strategy>
</GenRun>
